Name,Surname,Email
John,Doe,johndoe@example.com
Alice,Smith,alicesmith@example.com
Bob,Johnson,bobjohnson@example.com
Ella,Williams,ellawilliams@example.com
Michael,Brown,michaelbrown@example.com
Emma,Davis,emmadavis@example.com
William,Miller,williammiller@example.com
Sophia,Anderson,sophiaanderson@example.com
Liam,Clark,liamclark@example.com
Olivia,Hall,oliviahall@example.com
James,Allen,jamesallen@example.com
Ava,White,avawhite@example.com
Benjamin,Lewis,benjaminlewis@example.com
Charlotte,Harris,charlotteharris@example.com
Daniel,King,danielking@example.com
Amelia,Wright,ameliawright@example.com
Henry,Young,henryyoung@example.com
Mia,Hill,miahill@example.com
Sebastian,Walker,sebastianwalker@example.com
Evelyn,Green,evelyngreen@example.com